<?xml version="1.0" encoding="UTF-8" standalone="yes"?>
<workflowMonitor xmlns="http://www.example.org/wfInfo">
    <workflow name="RedazioneArticolo">
        <simpleAction automaticallyInstantiated="false" name="Controllo" role="Redattore">
            <possibleNextAction>Revisione</possibleNextAction>
            <possibleNextAction>Pubblicazione</possibleNextAction>
        </simpleAction>
        <simpleAction automaticallyInstantiated="false" name="Revisione" role="Giornalista">
            <possibleNextAction>Controllo</possibleNextAction>
        </simpleAction>
        <simpleAction automaticallyInstantiated="true" name="Scrittura" role="Giornalista">
            <possibleNextAction>Controllo</possibleNextAction>
        </simpleAction>
        <simpleAction automaticallyInstantiated="false" name="Pubblicazione" role="Redattore"/>
        <process startTime="2008-01-14T16:09:00+01:00">
            <actionStatus action="Scrittura" terminationTime="2008-01-15T23:18:00+01:00">
                <actor name="Paola Neri" role="Giornalista"/>
            </actionStatus>
            <actionStatus action="Controllo" terminationTime="2008-01-16T00:51:00+01:00">
                <actor name="Alessia Baresi" role="Redattore"/>
            </actionStatus>
            <actionStatus action="Pubblicazione" terminationTime="2008-01-16T03:45:00+01:00">
                <actor name="Alessia Baresi" role="Redattore"/>
            </actionStatus>
        </process>
    </workflow>
    <workflow name="RedazioneArticolo2">
        <simpleAction automaticallyInstantiated="false" name="Controllo" role="Redattore">
            <possibleNextAction>Revisione</possibleNextAction>
            <possibleNextAction>Pubblicazione</possibleNextAction>
        </simpleAction>
        <simpleAction automaticallyInstantiated="false" name="Revisione" role="Giornalista">
            <possibleNextAction>Controllo</possibleNextAction>
        </simpleAction>
        <simpleAction automaticallyInstantiated="true" name="Scrittura" role="Giornalista">
            <possibleNextAction>Controllo</possibleNextAction>
        </simpleAction>
        <simpleAction automaticallyInstantiated="false" name="Pubblicazione" role="Redattore"/>
        <process startTime="2008-01-14T16:09:00+01:00">
            <actionStatus action="Scrittura" terminationTime="2008-01-15T23:18:00+01:00">
                <actor name="Paola Neri" role="Giornalista"/>
            </actionStatus>
            <actionStatus action="Controllo" terminationTime="2008-01-16T00:51:00+01:00">
                <actor name="Alessia Baresi" role="Redattore"/>
            </actionStatus>
            <actionStatus action="Pubblicazione" terminationTime="2008-01-16T03:45:00+01:00">
                <actor name="Alessia Baresi" role="Redattore"/>
            </actionStatus>
        </process>
    </workflow>
</workflowMonitor>
