<?xml version="1.0" encoding="UTF-8" standalone="yes"?>
<workflowMonitor xmlns="http://www.example.org/wfInfo">
    <workflow name="RedazioneArticolo">
        <simpleAction automaticallyIstantiated="false" name="Pubblicazione" role="Redattore"/>
        <simpleAction automaticallyIstantiated="false" name="Revisione" role="Giornalista">
            <possibleNextAction>Controllo</possibleNextAction>
        </simpleAction>
        <simpleAction automaticallyIstantiated="true" name="Scrittura" role="Giornalista">
            <possibleNextAction>Controllo</possibleNextAction>
        </simpleAction>
        <simpleAction automaticallyIstantiated="false" name="Controllo" role="Redattore">
            <possibleNextAction>Revisione</possibleNextAction>
            <possibleNextAction>Pubblicazione</possibleNextAction>
        </simpleAction>
        <process startTime="2008-01-18T03:44:00+01:00">
            <actionStatus action="Scrittura">
                <actor name="Marco Elkan" role="Giornalista"/>
            </actionStatus>
        </process>
        <process startTime="2008-02-03T02:09:00+01:00">
            <actionStatus action="Scrittura" terminationTime="2008-02-03T16:26:00+01:00">
                <actor name="Paola De Palma" role="Giornalista"/>
            </actionStatus>
            <actionStatus action="Controllo">
                <actor name="Riccardo Prisco" role="Redattore"/>
            </actionStatus>
        </process>
    </workflow>
    <workflow name="VenditaNormale">
        <simpleAction automaticallyIstantiated="true" name="EmissFattura" role="Contabile">
            <possibleNextAction>RicezPagamento</possibleNextAction>
        </simpleAction>
        <simpleAction automaticallyIstantiated="false" name="RicezPagamento" role="Contabile"/>
        <simpleAction automaticallyIstantiated="true" name="ConsegnaMerce" role="Magazziniere"/>
        <process startTime="2008-02-06T15:09:00+01:00">
            <actionStatus action="ConsegnaMerce" terminationTime="2008-02-08T06:44:00+01:00">
                <actor name="Anna Manzoni" role="Magazziniere"/>
            </actionStatus>
            <actionStatus action="EmissFattura" terminationTime="2008-02-08T21:27:00+01:00">
                <actor name="Caio Pascal" role="Contabile"/>
            </actionStatus>
            <actionStatus action="RicezPagamento" terminationTime="2008-02-10T20:55:00+01:00">
                <actor name="Marta Perla" role="Contabile"/>
            </actionStatus>
        </process>
        <process startTime="2008-02-09T01:03:00+01:00">
            <actionStatus action="ConsegnaMerce">
                <actor name="Anna Manzoni" role="Magazziniere"/>
            </actionStatus>
            <actionStatus action="EmissFattura" terminationTime="2008-02-09T05:50:00+01:00">
                <actor name="Marta Perla" role="Contabile"/>
            </actionStatus>
            <actionStatus action="RicezPagamento" terminationTime="2008-02-09T16:06:00+01:00">
                <actor name="Marta Perla" role="Contabile"/>
            </actionStatus>
        </process>
        <process startTime="2008-01-14T16:17:00+01:00">
            <actionStatus action="ConsegnaMerce" terminationTime="2008-01-14T20:59:00+01:00">
                <actor name="Anna Manzoni" role="Magazziniere"/>
            </actionStatus>
            <actionStatus action="EmissFattura" terminationTime="2008-01-15T13:12:00+01:00">
                <actor name="Caio Pascal" role="Contabile"/>
            </actionStatus>
            <actionStatus action="RicezPagamento">
                <actor name="Caio Pascal" role="Contabile"/>
            </actionStatus>
        </process>
        <process startTime="2008-02-06T08:12:00+01:00">
            <actionStatus action="ConsegnaMerce" terminationTime="2008-02-06T20:39:00+01:00">
                <actor name="Alessia Garibaldi" role="Magazziniere"/>
            </actionStatus>
            <actionStatus action="EmissFattura" terminationTime="2008-02-08T13:04:00+01:00">
                <actor name="Paolo Bianchi" role="Contabile"/>
            </actionStatus>
            <actionStatus action="RicezPagamento"/>
        </process>
        <process startTime="2008-01-15T04:03:00+01:00">
            <actionStatus action="ConsegnaMerce" terminationTime="2008-01-17T02:00:00+01:00">
                <actor name="Alessia Garibaldi" role="Magazziniere"/>
            </actionStatus>
            <actionStatus action="EmissFattura" terminationTime="2008-01-17T14:37:00+01:00">
                <actor name="Paolo Bianchi" role="Contabile"/>
            </actionStatus>
            <actionStatus action="RicezPagamento">
                <actor name="Paolo Bianchi" role="Contabile"/>
            </actionStatus>
        </process>
        <process startTime="2008-01-25T13:44:00+01:00">
            <actionStatus action="ConsegnaMerce"/>
            <actionStatus action="EmissFattura"/>
        </process>
    </workflow>
    <workflow name="GestioneVendita">
        <processAction actionWorkflow="VenditaPagAnt" automaticallyIstantiated="false" name="VenditaPagAnt" role="RespVendite"/>
        <simpleAction automaticallyIstantiated="true" name="AccettazOrdine" role="AddettoVendite">
            <possibleNextAction>VenditaPagAnt</possibleNextAction>
            <possibleNextAction>VenditaNormale</possibleNextAction>
        </simpleAction>
        <processAction actionWorkflow="VenditaNormale" automaticallyIstantiated="false" name="VenditaNormale" role="RespVendite"/>
        <process startTime="2008-01-29T17:47:00+01:00">
            <actionStatus action="AccettazOrdine" terminationTime="2008-01-31T12:35:00+01:00">
                <actor name="Francesca Servini" role="AddettoVendite"/>
            </actionStatus>
            <actionStatus action="VenditaPagAnt" terminationTime="2008-02-01T22:33:00+01:00">
                <actor name="Eva Piccoli" role="RespVendite"/>
            </actionStatus>
        </process>
        <process startTime="2008-01-21T17:18:00+01:00">
            <actionStatus action="AccettazOrdine">
                <actor name="Mauro Rossi" role="AddettoVendite"/>
            </actionStatus>
        </process>
        <process startTime="2008-02-05T20:24:00+01:00">
            <actionStatus action="AccettazOrdine" terminationTime="2008-02-06T14:07:00+01:00">
                <actor name="Francesca Servini" role="AddettoVendite"/>
            </actionStatus>
            <actionStatus action="VenditaPagAnt" terminationTime="2008-02-06T16:43:00+01:00">
                <actor name="Eva Piccoli" role="RespVendite"/>
            </actionStatus>
        </process>
        <process startTime="2008-01-30T15:14:00+01:00">
            <actionStatus action="AccettazOrdine" terminationTime="2008-01-31T19:44:00+01:00">
                <actor name="Marco Gonzales" role="AddettoVendite"/>
            </actionStatus>
            <actionStatus action="VenditaPagAnt"/>
        </process>
    </workflow>
    <workflow name="VenditaPagAnt">
        <simpleAction automaticallyIstantiated="false" name="ConsegnaMerce" role="Magazziniere"/>
        <simpleAction automaticallyIstantiated="true" name="EmissFattura" role="Contabile">
            <possibleNextAction>RicezPagamento</possibleNextAction>
        </simpleAction>
        <simpleAction automaticallyIstantiated="false" name="RicezPagamento" role="Contabile">
            <possibleNextAction>ConsegnaMerce</possibleNextAction>
        </simpleAction>
        <process startTime="2008-01-29T23:19:00+01:00">
            <actionStatus action="EmissFattura" terminationTime="2008-01-31T22:37:00+01:00">
                <actor name="Ludovico Pascal" role="Contabile"/>
            </actionStatus>
            <actionStatus action="RicezPagamento"/>
        </process>
        <process startTime="2008-01-28T07:14:00+01:00">
            <actionStatus action="EmissFattura" terminationTime="2008-01-30T01:27:00+01:00">
                <actor name="Claudio Trapani" role="Contabile"/>
            </actionStatus>
            <actionStatus action="RicezPagamento" terminationTime="2008-01-30T21:11:00+01:00">
                <actor name="Giovanni Neri" role="Contabile"/>
            </actionStatus>
            <actionStatus action="ConsegnaMerce" terminationTime="2008-02-01T22:17:00+01:00">
                <actor name="Caio Rossi" role="Magazziniere"/>
            </actionStatus>
        </process>
    </workflow>
</workflowMonitor>
